model,style,mean_absolute_shift,date_ci_low,date_ci_high,asset_ci_low,asset_ci_high,decision_flip_rate,drift_reduction_vs_canonical,reduction_ci_low,reduction_ci_high
rgb_canonical,reversed,0.08836717748273754,0.08392098044815978,0.09288936021858814,0.08242412401001271,0.09441648607395177,0.0472972972972973,0.0,0.0,0.0
rgb_canonical,dark,0.7273275873298964,0.6913664760324563,0.7652074703493633,0.5892811534688969,0.8856085518593186,0.3693693693693693,0.0,0.0,0.0
rgb_canonical,monochrome,0.09161309128869302,0.0866712803766611,0.09690081741051937,0.08454167984109587,0.09932127754315447,0.04568854568854568,0.0,0.0,0.0
rgb_canonical,blue_orange,0.19265864722363582,0.18844330951456398,0.19709526165802044,0.18387861020642512,0.20396582156975912,0.0785070785070785,0.0,0.0,0.0
rgb_style_augmented,reversed,0.025144526473650446,0.024261804672972113,0.026175846712738086,0.02280970939855778,0.027843861871589562,0.012548262548262547,0.06322265100908708,0.0588885245847119,0.06773314760516048
rgb_style_augmented,dark,0.06318622850543283,0.06094731298710389,0.06581312072495694,0.055963866865236016,0.07387092767841875,0.03217503217503217,0.6641413588244636,0.6298080031974589,0.7005901574906312
rgb_style_augmented,monochrome,0.0363510982487039,0.0347558641861381,0.03810318776021593,0.03098409022737961,0.04270386871818256,0.012226512226512226,0.055261993039989105,0.05080538953018005,0.059616963919180234
rgb_style_augmented,blue_orange,0.1720641366226486,0.1667105384832644,0.1780505947078287,0.16286709509224198,0.18477187417016067,0.06660231660231661,0.02059451060098724,0.017813104850406658,0.02309447099650075
rgb_paired_consistency,reversed,0.023419591335716396,0.02241282215584045,0.024409728614251433,0.021660561769471974,0.025366443181782005,0.008043758043758042,0.06494758614702115,0.06107795422793662,0.06913084524037601
rgb_paired_consistency,dark,0.04861267373215124,0.04716001204005233,0.05013895170952516,0.04595932418832907,0.05160724179797651,0.017696267696267694,0.6787149135977452,0.6431606246132112,0.7168918159017231
rgb_paired_consistency,monochrome,0.03197923574975405,0.03078153848149448,0.03327295944823415,0.02919127169320482,0.03520292061904836,0.009652509652509652,0.05963385553893896,0.054541121540229144,0.06458519014650942
rgb_paired_consistency,blue_orange,0.16508377399990762,0.1601830360655849,0.17053034418242163,0.1598997916187252,0.17113329823796508,0.05759330759330759,0.027574873223728195,0.024964447195810698,0.030120661871045097
rgb_aug_consistency,reversed,0.018358682343398283,0.017725081711125343,0.01908972057366463,0.016689269301245417,0.02025942941660126,0.009009009009009007,0.07000849513933925,0.06588446052033008,0.07427770075228839
rgb_aug_consistency,dark,0.04314909704710372,0.04156953940788905,0.04488805641097759,0.0376079817603377,0.050373370334640254,0.02059202059202059,0.6841784902827927,0.6494652939109344,0.7213469053988981
rgb_aug_consistency,monochrome,0.024515547615834337,0.023687731119848437,0.025405452409075956,0.021969195800513375,0.027266924870482125,0.013513513513513514,0.06709754367285868,0.062283564708944764,0.07182707645027793
rgb_aug_consistency,blue_orange,0.15506416935104506,0.15009007545013073,0.1608138154161329,0.14916088768356556,0.16274940972641933,0.06692406692406692,0.03759447787259076,0.03447382008726379,0.04042274827950249
edge_canonical,reversed,0.0350203765712036,0.033411284245579397,0.036753439514908545,0.03215844190968356,0.03811845891225599,0.013835263835263834,0.05334680091153394,0.04893702190642651,0.05782719390847967
edge_canonical,dark,0.17755558024348747,0.16737877094454132,0.18849558577689426,0.1415277184340791,0.22317879878109176,0.06177606177606178,0.5497720070864088,0.5215306384337914,0.5799961811403817
edge_canonical,monochrome,0.11671821966748133,0.11130394700967361,0.12194922237322597,0.10498010559700323,0.13221306216590192,0.05051480051480051,-0.02510512837878832,-0.033950780002230084,-0.015394995845806341
edge_canonical,blue_orange,0.17972827402627914,0.17150398473635298,0.1877159423301502,0.17158608435050246,0.18774690729022947,0.0711068211068211,0.012930373197356706,0.006091781537812037,0.01982823297419756
resnet_canonical,reversed,0.04784498339761025,0.04528794047378358,0.0503379600705097,0.04332184893015575,0.0531570493896879,0.02702702702702703,0.04052219408512729,0.03622188829988279,0.04496372087332425
resnet_canonical,dark,1.257482876150151,1.212888120510825,1.3060780086227366,1.0590674259248003,1.484038279624596,0.8011583011583011,-0.5301552888202544,-0.5519190064853147,-0.507917051028791
resnet_canonical,monochrome,0.4915158507369813,0.46475648326724955,0.5173182067637508,0.37347621054243557,0.6303664371246609,0.22940797940797938,-0.3999027594482883,-0.42453038906594653,-0.37379364136563303
resnet_canonical,blue_orange,0.2900065439088004,0.2733811370366789,0.30691984106943565,0.2187532330830815,0.37773457978932395,0.08719433719433721,-0.09734789668516457,-0.11526059124096173,-0.07910975090957978
resnet_aug_consistency,reversed,0.014085973360056738,0.01338807863963617,0.014843454538932026,0.013128064586235597,0.015096761900907625,0.006113256113256113,0.0742812041226808,0.06997242633210185,0.07880908900169487
resnet_aug_consistency,dark,0.038949088470355886,0.03752054216165187,0.04042965729494353,0.03562040886574424,0.04248093025641398,0.018018018018018014,0.6883784988595405,0.6532084260198217,0.7257803166656727
resnet_aug_consistency,monochrome,0.02134821854502998,0.0205551708239386,0.02209444905761893,0.019835315074201103,0.023022465442368426,0.011904761904761904,0.07026487274366303,0.06496187744607028,0.07579644823032149
resnet_aug_consistency,blue_orange,0.16672088748546485,0.16198610689399937,0.17189638970307095,0.15600842766780193,0.1825240918107935,0.07689832689832689,0.025937759738170963,0.021349570303771798,0.030615841529237412
