model,style,mae_change_vs_canonical,date_ci_low,date_ci_high
edge_canonical,reversed,-0.0005740448135889202,-0.003553607913798318,0.0023834037580017916
edge_canonical,dark,0.025114419303442957,-0.003214443108495263,0.05450413830994745
edge_canonical,monochrome,0.018470981082770205,0.002340568600032045,0.033137136146103426
edge_canonical,blue_orange,0.04211667019181873,0.013427956527786432,0.06798979309371593
resnet_aug_consistency,reversed,0.0002447647098201671,-0.0005664582484681985,0.0010068633754732775
resnet_aug_consistency,dark,0.0007060970365306779,-0.0014777960899185778,0.0030331552265402254
resnet_aug_consistency,monochrome,0.0007071050155055115,-0.0008725948696974911,0.0022964199259007238
resnet_aug_consistency,blue_orange,0.023946192838080284,0.0007830309762305918,0.0431572300788352
resnet_canonical,reversed,0.004854880795379025,0.00029372534420336,0.009385026062868892
resnet_canonical,dark,0.9107020381805444,0.8283887192770252,0.9944524289644745
resnet_canonical,monochrome,0.23750359848232583,0.179522273895729,0.2931430860560955
resnet_canonical,blue_orange,0.06436110450145206,0.03830255906737537,0.08942528618162102
rgb_aug_consistency,reversed,0.000358619827425061,-0.0006684351855905323,0.001378508408208893
rgb_aug_consistency,dark,0.0014603817212096289,-0.00241184719991947,0.00492834713541771
rgb_aug_consistency,monochrome,0.0007282201065367306,-0.0012356261332921805,0.002646479191235426
rgb_aug_consistency,blue_orange,0.02772756664988638,0.005185328514743409,0.04729308141325289
rgb_canonical,reversed,0.004658215467727852,-0.006401990840875674,0.016308219090983116
rgb_canonical,dark,0.3759524131386774,0.30462227547772075,0.4486199976078358
rgb_canonical,monochrome,0.005703753821626088,-0.0062934971292285214,0.01887639160471255
rgb_canonical,blue_orange,0.042234932089125043,0.015523523323854118,0.06566232777113867
rgb_paired_consistency,reversed,0.00037070733369502193,-0.0017469948614856892,0.0025008355122171453
rgb_paired_consistency,dark,0.00587306107247896,0.0019932348184232723,0.009402367467255354
rgb_paired_consistency,monochrome,0.00323783930363417,0.0005917188385648024,0.005693962682297268
rgb_paired_consistency,blue_orange,0.040180931889216655,0.015071134514057009,0.06168218410043265
rgb_style_augmented,reversed,0.0017576186661005342,0.0004722724531299518,0.0028830489125992982
rgb_style_augmented,dark,0.0007263549076514577,-0.003140037711152074,0.004717143372564316
rgb_style_augmented,monochrome,0.001322951799655116,-0.0018391165582947982,0.004594001508516609
rgb_style_augmented,blue_orange,0.03973279120583752,0.01624337183069999,0.06039788439564869
