model,style,mae_log_rv,spearman,high_vol_auc,qlike
edge_canonical,blue_orange,0.40152058177056926,0.8151580379411496,0.8724093233720629,0.8728757707748207
edge_canonical,canonical,0.35940391157875046,0.8222688077369221,0.8818835285522378,0.5542192296232911
edge_canonical,dark,0.38451833088219345,0.8195873922761683,0.8783248096910279,0.46378959273616077
edge_canonical,monochrome,0.3778748926615207,0.8172143153653363,0.8769625981004453,0.6893460103539976
edge_canonical,reversed,0.35882986676516154,0.8216953958096886,0.8797294430958498,0.5514426063490524
numeric_histgb,numeric,0.3447006926834354,0.8218281267545449,0.886776177794537,0.49489535842086246
numeric_ridge,numeric,0.47742198255359436,0.8098474727295321,0.8678560486436804,0.8593340439702939
resnet_aug_consistency,blue_orange,0.38046695222649973,0.8256488764140434,0.8833494379109613,0.7220721335320063
resnet_aug_consistency,canonical,0.3565207593884195,0.8274108341107628,0.8856496429497303,0.5328796434999385
resnet_aug_consistency,dark,0.35722685642495017,0.8280580633941078,0.8860314392778864,0.5288758325718845
resnet_aug_consistency,monochrome,0.35722786440392496,0.8270276097956277,0.8855365181117579,0.5342430431616548
resnet_aug_consistency,reversed,0.35676552409823964,0.8273626261970565,0.8855836534609131,0.5315706036145267
resnet_canonical,blue_orange,0.42064084487758907,0.826309271950964,0.8833211567014683,0.5814297777511065
resnet_canonical,canonical,0.356279740376137,0.828877382086891,0.8870354222148901,0.5427272715781958
resnet_canonical,dark,1.2669817785566815,0.6568649088962701,0.8206641370695953,1.7333289120259288
resnet_canonical,monochrome,0.5937833388584628,0.8192328315425879,0.8861916994650137,0.7070464866415485
resnet_canonical,reversed,0.36113462117151607,0.8266244418439294,0.8859277415097452,0.5419401792900636
rgb_aug_consistency,blue_orange,0.3861550462518085,0.8242766398231577,0.8800782446795974,0.7474716782015686
rgb_aug_consistency,canonical,0.35842747960192217,0.8257999214017829,0.8818929556220687,0.529254068415932
rgb_aug_consistency,dark,0.35988786132313183,0.8254797763916876,0.8828356626051708,0.5554412038169749
rgb_aug_consistency,monochrome,0.3591556997084589,0.8247010572447661,0.8819023826918998,0.5321425871496783
rgb_aug_consistency,reversed,0.3587860994293472,0.824595878304318,0.8810680870118545,0.5328156159386165
rgb_canonical,blue_orange,0.39712320663057565,0.8248229638024615,0.8820673564139426,0.8261152642279185
rgb_canonical,canonical,0.3548882745414506,0.8269833409659831,0.8856826376941387,0.5393214071578875
rgb_canonical,dark,0.7308406876801281,0.8149193510310443,0.8794183497914261,0.870860950448818
rgb_canonical,monochrome,0.3605920283630767,0.8243431617797472,0.8846362329428955,0.515033721316121
rgb_canonical,reversed,0.35954649000917843,0.819516823315406,0.8773679621031792,0.4971710948847721
rgb_paired_consistency,blue_orange,0.39929954444533133,0.8229523629297222,0.879074261742594,0.8463157463466401
rgb_paired_consistency,canonical,0.35911861255611466,0.824680811431891,0.882024934599703,0.564536137764757
rgb_paired_consistency,dark,0.36499167362859364,0.8240797179961156,0.8821474865075064,0.6003993897327952
rgb_paired_consistency,monochrome,0.36235645185974885,0.8233963570595157,0.8818976691569842,0.5796806611687534
rgb_paired_consistency,reversed,0.3594893198898097,0.8233315510326956,0.8806485824043742,0.5562337530636856
rgb_style_augmented,blue_orange,0.3956214705669555,0.8224639704661506,0.8778110343852372,0.8157743137772716
rgb_style_augmented,canonical,0.355888679361118,0.8246063033870671,0.881053946407108,0.5508966945600703
rgb_style_augmented,dark,0.35661503426876945,0.8255558384861138,0.8839292027055691,0.5483847303713303
rgb_style_augmented,monochrome,0.3572116311607731,0.824067048175052,0.8823077466946336,0.5635395407690003
rgb_style_augmented,reversed,0.3576462980272185,0.823588292977417,0.881313190827461,0.5591761929985832
rv5_persistence,numeric,0.45046563989140836,0.7478836083758308,0.8413471282788527,1.0005908554774219
