model,style,mean_absolute_shift,median_absolute_shift,p95_absolute_shift,prediction_correlation,decision_flip_rate
edge_canonical,reversed,0.03174160376785651,0.02590479453404748,0.08429591854413354,0.9986968608878789,0.013513513513513514
edge_canonical,dark,0.1733631604426616,0.13291458288828528,0.4459780255953474,0.9888263900243737,0.052123552123552123
edge_canonical,monochrome,0.1136614567524678,0.10427983601888025,0.23676366607348132,0.9928495062429135,0.05405405405405406
edge_canonical,blue_orange,0.1777410693610497,0.16595427195231105,0.3495840231577556,0.9891883063853044,0.08011583011583012
resnet_aug_consistency,reversed,0.008764186382600542,0.006936490535736084,0.023195981979370117,0.9999080403789291,0.007722007722007722
resnet_aug_consistency,dark,0.02018054188295067,0.017269372940063477,0.050297101338704464,0.9996033866914171,0.017374517374517374
resnet_aug_consistency,monochrome,0.015968804538940364,0.013159493605295891,0.04020147522290535,0.9997163234284419,0.013513513513513514
resnet_aug_consistency,blue_orange,0.16146069281810038,0.15893552700678515,0.27394119898478203,0.9895707640864002,0.07915057915057915
resnet_canonical,reversed,0.03963890464609654,0.03262829780578602,0.10288651784261077,0.998409311462655,0.023166023166023165
resnet_canonical,dark,1.2573426757463309,1.0033512711524963,2.56421759724617,0.7052338997868478,0.7963320463320464
resnet_canonical,monochrome,0.4910105037643182,0.31384154160817457,1.3571453491846723,0.9434864592735085,0.22683397683397682
resnet_canonical,blue_orange,0.19656041329738563,0.08167042334874464,0.7366046905517578,0.9738876446027316,0.04343629343629344
rgb_aug_consistency,reversed,0.011521186837818626,0.00954824686050415,0.027617295583089008,0.9998112431643462,0.005791505791505791
rgb_aug_consistency,dark,0.029334530905560336,0.025814632574717278,0.06502642234166456,0.9991856550420047,0.01833976833976834
rgb_aug_consistency,monochrome,0.020433124236311852,0.016119440396626494,0.05203169584274281,0.9993461164393443,0.010617760617760617
rgb_aug_consistency,blue_orange,0.15350870230023006,0.15235392252604163,0.27382493019104015,0.9918074144455176,0.06563706563706563
rgb_canonical,reversed,0.07919595807675689,0.0716771284739176,0.18076940377553302,0.995750059657992,0.045366795366795366
rgb_canonical,dark,0.7047390270800818,0.5457581082979838,1.658495883146922,0.9257470854703315,0.4276061776061776
rgb_canonical,monochrome,0.07673676398269919,0.06771129369735707,0.17867674430211367,0.996130699391684,0.033783783783783786
rgb_canonical,blue_orange,0.18622172454149105,0.18665887912114454,0.3262178897857664,0.9900107865973804,0.08687258687258688
rgb_paired_consistency,reversed,0.01805706554244691,0.014531731605530007,0.04587265849113459,0.9995676983962613,0.007722007722007722
rgb_paired_consistency,dark,0.03361422786227832,0.028319180011749268,0.0829522808392843,0.9987127478548792,0.01833976833976834
rgb_paired_consistency,monochrome,0.025951951396971595,0.021460016568501716,0.0641849835713707,0.9991034688704586,0.010617760617760617
rgb_paired_consistency,blue_orange,0.16366889167629767,0.1617678006490071,0.292466978232066,0.9914658011062706,0.05888030888030888
rgb_style_augmented,reversed,0.015932118647193662,0.012964228789011711,0.04217706123987819,0.9996652233988758,0.008687258687258687
rgb_style_augmented,dark,0.036912724548325115,0.028226832548777225,0.09427384535471606,0.9981251545235509,0.02027027027027027
rgb_style_augmented,monochrome,0.02988203692620326,0.023684501647949274,0.08549318710962917,0.9987921419027644,0.009652509652509652
rgb_style_augmented,blue_orange,0.16810090757398224,0.16992600758870446,0.29360167185465486,0.990627310707223,0.06563706563706563
