model,style,mae_log_rv,date_ci_low,date_ci_high
numeric_histgb,numeric,0.3595245767451162,0.3388679973737213,0.38159339744996573
numeric_ridge,numeric,0.3724980244439748,0.35212561045146024,0.39486012988856894
rgb_aug_consistency,blue_orange,0.4052708129078667,0.38229448698464225,0.4312687071704871
rgb_aug_consistency,canonical,0.36271802056080754,0.3444767083473369,0.3822699514465556
rgb_aug_consistency,dark,0.3633236035686675,0.3450902188785682,0.3823773246302839
rgb_aug_consistency,monochrome,0.36414967330729214,0.3457420350501848,0.3830501468690537
rgb_aug_consistency,reversed,0.3628739064448823,0.34462313741720596,0.3822893129498584
rgb_canonical,blue_orange,0.43295781843708886,0.4050605780854765,0.46468499877117025
rgb_canonical,canonical,0.35820494456245466,0.3393716865930611,0.37797065516378814
rgb_canonical,dark,0.5162684789105135,0.48772307675506216,0.543846381499117
rgb_canonical,monochrome,0.36878903974668403,0.348891598742176,0.3896220132049992
rgb_canonical,reversed,0.3567375811473173,0.34018409638046415,0.373618815607091
rv5_persistence,numeric,0.48999865149200583,0.4622088093756876,0.5211280029173835
