model,seed,style,mae_log_rv,spearman,high_vol_auc,qlike
numeric_histgb,2026,numeric,0.3595245767451162,0.4878737032637741,0.7503644562489538,0.6463874848874047
numeric_ridge,2026,numeric,0.3724980244439748,0.48043843245388174,0.7466290213790395,0.7264265564309028
rgb_aug_consistency,2026,blue_orange,0.41682181845922756,0.4748555170187432,0.7437001134109404,1.1027202205775326
rgb_aug_consistency,2026,canonical,0.3699020952700254,0.47567830421739965,0.7452463249165437,0.7410002489202956
rgb_aug_consistency,2026,dark,0.36495045516974023,0.472471883332784,0.74294054184245,0.6809585542998148
rgb_aug_consistency,2026,monochrome,0.3715016892332062,0.4742106367170379,0.7446535828852782,0.7494777506657269
rgb_aug_consistency,2026,reversed,0.37055958400729766,0.4760699759928906,0.7455540204537432,0.7474489050641117
rgb_aug_consistency,2027,blue_orange,0.4088017143614351,0.4759886933659048,0.7471654170103154,1.0276496031385756
rgb_aug_consistency,2027,canonical,0.3673228944525823,0.4761619830850054,0.7471662456338446,0.7138480040164488
rgb_aug_consistency,2027,dark,0.36662566794429324,0.4756056640841979,0.7468400441711582,0.708004105699731
rgb_aug_consistency,2027,monochrome,0.36798662980327046,0.47357369305786906,0.7467941936692057,0.7111862559059177
rgb_aug_consistency,2027,reversed,0.3671760849015137,0.4763382803274046,0.7479371417239016,0.711630051943917
rgb_aug_consistency,2028,blue_orange,0.39264868855338664,0.49067932898606603,0.7516863869859703,0.9393523420770388
rgb_aug_consistency,2028,canonical,0.35606842334454863,0.4893060307059442,0.7525139056838602,0.6139083583327074
rgb_aug_consistency,2028,dark,0.3610094615857543,0.4850201571388257,0.7510251454096188,0.6652957041391759
rgb_aug_consistency,2028,monochrome,0.3577060658925544,0.48631198167244666,0.7520305419584572,0.6243091923246848
rgb_aug_consistency,2028,reversed,0.3560543848190976,0.4895083125468683,0.7528425930171343,0.6148378897733227
rgb_canonical,2026,blue_orange,0.43594253362470803,0.4861645034037493,0.746033793477186,1.2333002779150277
rgb_canonical,2026,canonical,0.3640376407565867,0.48482225845036103,0.7471781225710972,0.7111884820473277
rgb_canonical,2026,dark,0.5209663165121182,0.33932332503294826,0.6765882365289292,0.5890038100403321
rgb_canonical,2026,monochrome,0.3723681708715584,0.47505760377921336,0.7436995609952542,0.7590500575923943
rgb_canonical,2026,reversed,0.3605883054838843,0.46965483869504143,0.7429090541483381,0.6095339395439835
rgb_canonical,2027,blue_orange,0.4399535970209184,0.4794423372757321,0.7456167196341241,1.2473604926245403
rgb_canonical,2027,canonical,0.36134068737055747,0.4777579688679329,0.747600996778864,0.6495491673675667
rgb_canonical,2027,dark,0.47180730173830915,0.35285793909715757,0.6819345155397294,0.5428990915725579
rgb_canonical,2027,monochrome,0.36832883530467225,0.4635471686375763,0.7406480167448243,0.673534977936418
rgb_canonical,2027,reversed,0.35956556766726805,0.47333133430884344,0.7458191799831071,0.5831566483335633
rgb_canonical,2028,blue_orange,0.42884926719265176,0.4872431691090049,0.7476344179278777,1.192414988651057
rgb_canonical,2028,canonical,0.35685108819660777,0.4933955855278626,0.7529420278406457,0.6198234521766836
rgb_canonical,2028,dark,0.578543398077151,0.3492958281284715,0.6849598200450661,0.6378551094860411
rgb_canonical,2028,monochrome,0.37434262404355445,0.46703949652471716,0.7417014734583598,0.7901815794814661
rgb_canonical,2028,reversed,0.35737750963199527,0.4852185498638822,0.7508362192449473,0.541374443696339
rv5_persistence,2026,numeric,0.48999865149200583,0.3104729466711121,0.6643759829546616,1.3656396317202024
