model,seed,style,mean_absolute_shift,median_absolute_shift,p95_absolute_shift,prediction_correlation,decision_flip_rate
rgb_aug_consistency,2026,reversed,0.012936266000781741,0.010567903518676758,0.03236039280891417,0.9983222176034309,0.0064285714285714285
rgb_aug_consistency,2026,dark,0.040475290204797475,0.03810575604438782,0.08533124327659607,0.9948298521614697,0.03
rgb_aug_consistency,2026,monochrome,0.015668907846723285,0.012701243162155151,0.039925003051757786,0.9976410180859687,0.009285714285714286
rgb_aug_consistency,2026,blue_orange,0.1418901168022837,0.13967108726501465,0.22144807577133177,0.9843966430340491,0.07357142857142857
rgb_aug_consistency,2027,reversed,0.010573148259094783,0.008577585220336914,0.026676052808761588,0.9989131673450915,0.0067857142857142855
rgb_aug_consistency,2027,dark,0.024773424352918353,0.020764708518981934,0.06106296479701993,0.9945908438574687,0.014285714285714285
rgb_aug_consistency,2027,monochrome,0.01517862692475319,0.01238483190536499,0.03835840821266173,0.9979315794080393,0.01
rgb_aug_consistency,2027,blue_orange,0.13381686789648872,0.1325300931930542,0.21134466528892512,0.98703801527096,0.07178571428571429
rgb_aug_consistency,2028,reversed,0.007946216889790126,0.006283223628997803,0.02018361091613769,0.9993489403158771,0.005
rgb_aug_consistency,2028,dark,0.034988314190081186,0.030798137187957764,0.08184835314750664,0.9934054085999271,0.02857142857142857
rgb_aug_consistency,2028,monochrome,0.016042215313230242,0.013370215892791748,0.041044631600379904,0.9974639025357637,0.012142857142857143
rgb_aug_consistency,2028,blue_orange,0.16273312628269196,0.16237902641296387,0.24976619780063627,0.9826238366528137,0.1075
rgb_canonical,2026,reversed,0.08927784525922366,0.08130568265914917,0.20026624202728263,0.9689021856075399,0.07821428571428571
rgb_canonical,2026,dark,0.4899283431470394,0.4462854266166687,0.9609027892351141,0.6995094729053105,0.5346428571428572
rgb_canonical,2026,monochrome,0.0537060481097017,0.0447579026222229,0.1326936811208725,0.9772931508304423,0.03535714285714286
rgb_canonical,2026,blue_orange,0.19641001682196343,0.1945992112159729,0.3162414014339446,0.9733797257415425,0.10142857142857142
rgb_canonical,2027,reversed,0.063757496795484,0.056630849838256836,0.14495923519134518,0.9831724150292918,0.05857142857142857
rgb_canonical,2027,dark,0.37016185360295434,0.3489750325679779,0.7166820794343948,0.7860992454551345,0.4032142857142857
rgb_canonical,2027,monochrome,0.045912231249468666,0.036500394344329834,0.11909796595573412,0.9822617758883126,0.038214285714285715
rgb_canonical,2027,blue_orange,0.236817523006882,0.23383784294128418,0.34872439503669733,0.9776918212767616,0.12928571428571428
rgb_canonical,2028,reversed,0.08181087974991118,0.07549560070037842,0.1769329011440277,0.9803482666598593,0.07285714285714286
rgb_canonical,2028,dark,0.5420618828918252,0.5160037875175476,0.9988595694303509,0.658127624647273,0.6728571428571428
rgb_canonical,2028,monochrome,0.08013631045818329,0.06837409734725952,0.19641120433807346,0.9688657587736675,0.05392857142857143
rgb_canonical,2028,blue_orange,0.23426596145544734,0.2306542992591858,0.35978567600250244,0.9745230832037999,0.12535714285714286
