family,method,model,renderer,mae_log_rv,mean_absolute_shift,decision_flip_rate
synthetic_dark,canonical_raw,rgb_canonical,dark,0.7308406876801281,0.7047390270800818,0.4276061776061776
synthetic_dark,canonical_gray_norm,rgb_canonical,gray_dark,0.3589637006570798,0.0618124049986344,0.0299227799227799
synthetic_dark,canonical_affine_2022_2025,rgb_canonical,affine_dark,0.4302707387241133,0.241726563724456,0.0762548262548262
synthetic_dark,rand_cons_raw,rgb_aug_consistency,dark,0.3598878613231318,0.0293345309055603,0.0183397683397683
external_renderer,canonical_raw,rgb_canonical,mplfinance_yahoo_wide,0.6583801968844866,0.54347853514065,0.1534749034749034
external_renderer,canonical_gray_norm,rgb_canonical,gray_mplfinance_yahoo_wide,0.5845809960646592,0.43961647018656,0.1573359073359073
external_renderer,rand_cons_raw,rgb_aug_consistency,mplfinance_yahoo_wide,0.5440646173141775,0.3461078671951858,0.1032818532818532
external_renderer,rand_cons_gray_norm,rgb_aug_consistency,gray_mplfinance_yahoo_wide,0.5776887206718593,0.3802745781810127,0.1409266409266409
external_renderer,canonical_raw,rgb_canonical,mplfinance_nightclouds_thin,0.5440700291875505,0.4277813923251521,0.1361003861003861
external_renderer,canonical_gray_norm,rgb_canonical,gray_mplfinance_nightclouds_thin,0.557604442608642,0.5271811002009624,0.1399613899613899
external_renderer,rand_cons_raw,rgb_aug_consistency,mplfinance_nightclouds_thin,0.4260501995426168,0.1834939121049343,0.0521235521235521
external_renderer,rand_cons_gray_norm,rgb_aug_consistency,gray_mplfinance_nightclouds_thin,0.4139414742927125,0.2143934488756776,0.0646718146718146
external_renderer,canonical_raw,rgb_canonical,plotly_white_narrow_volume,0.478010258683304,0.34172552555531,0.1332046332046332
external_renderer,canonical_gray_norm,rgb_canonical,gray_plotly_white_narrow_volume,0.6011403129270101,0.4731775311659661,0.2828185328185328
external_renderer,rand_cons_raw,rgb_aug_consistency,plotly_white_narrow_volume,0.493018645416394,0.347052736517085,0.1978764478764478
external_renderer,rand_cons_gray_norm,rgb_aug_consistency,gray_plotly_white_narrow_volume,0.5385215473293194,0.4066570452588252,0.2625482625482625
stock_replication,canonical_raw,rgb_canonical,dark,0.5162684789105135,0.46613254182395475,0.5403571428571429
stock_replication,rand_cons_raw,rgb_aug_consistency,dark,0.36332360356866744,0.0171476964084875,0.013571428571428571
